,num_saudis_ma,num_expats_ma,profit_ma,price_nl,wage_saudis_nl
4999,72692.91243074188,66120.00925813329,1.00441893745413,0.9998909895224418,0.9999988226379947
5000,72695.03297666778,66085.97931526629,1.004383726797125,1.0,1.0
5001,72697.11153158525,66002.53673501489,1.003899401152977,1.0002466190480108,1.0000222003753514
5002,72699.14892699939,65915.94432969135,1.003359739543841,1.0004577552495093,1.000030812132765
5003,72701.1459779499,65778.47224680884,1.0025876204685045,1.00096921859875,1.0000650597619727
5004,72703.10348333702,65642.36804534806,1.0018366605870674,1.001381256218,1.0001254336761347
5005,72705.02222624124,65484.73254240929,1.0009848082757207,1.0017811521870184,1.0001254336761347
5006,72706.90297423647,65299.80983054453,1.0000162658630172,1.0022565532081555,1.0001363029033583
5007,72708.74647969712,65092.84654864857,0.9989471208300208,1.0029180296875015,1.0001524959123298
5008,72712.53367811895,64889.93265264212,0.997903438270782,1.0034977045396987,1.0001847514130278
5009,72716.24588251264,64690.03282525264,0.9968816145215937,1.0042252173557709,1.0001969603733827
5010,72719.88457790842,64441.3757822153,0.9956396268207061,1.0049358330860443,1.000200573893225
5011,72723.45121993002,64201.1630878649,0.994431965354802,1.0056867237531628,1.000255990881684
5012,72726.94723537695,63941.450022314006,0.9931355541028378,1.006520690356213,1.000311219292987
5013,72730.37402279522,63642.53012159447,0.991646997969651,1.0073054895174245,1.0003124267414427
5014,72733.7329530369,63348.574597996514,0.9901640713982989,1.0081597020189554,1.0003698962882317
5015,72737.02536980846,63057.544004981624,0.9886944034802103,1.0088486740126208,1.000381637791895
5016,72740.25259020829,62771.39928851415,0.9872464822581969,1.0096693405475714,1.0004322189950516
5017,72743.41590525367,62492.08188265828,0.9858416282767731,1.0104350109339606,1.0005472500275152
5018,72746.51658039716,62215.54375447263,0.9844370241729228,1.0112489983810118,1.0005989554824897
5019,72749.55585603285,61947.72739870673,0.9830763434438262,1.0121602061294621,1.0006300767195384
5020,72752.5349479926,61683.57090717731,0.9817107997225849,1.0131965245921897,1.0006686327796506
5021,72755.45504803234,61423.0378633248,0.9803692842656362,1.014090031354415,1.0007516097565765
5022,72758.31732430893,61166.092212943455,0.9790602686228174,1.0149265887075487,1.0007756384540962
5023,72761.12292184737,60887.822638685306,0.9776335760293299,1.0157749074261821,1.0008324848217802
5024,72765.8531610187,60610.331866161076,0.976169990148399,1.0166107102550719,1.0008837682401712
5025,72770.48973208763,60332.617121224146,0.9746748172119726,1.0177680538317224,1.0009181342613336
5026,72775.03448986809,60063.63585633634,0.9732277291027304,1.0186790344004826,1.0009330220732326
5027,72779.48925244495,59772.45540005439,0.971611982009088,1.0195851488049041,1.000969600059303
5028,72783.85580190149,59494.122510501606,0.9700455870315251,1.0205872840073977,1.0010373561973513
5029,72788.13588503216,59190.6984059195,0.968380611916756,1.0216143895768504,1.0010605056396908
5030,72792.33121404142,58864.42279989045,0.966598165648902,1.0226513564551714,1.001134180389433
5031,72796.4434672287,58517.51312028955,0.9646719095269464,1.023946412198051,1.0011935503924037
5032,72800.47428965983,58175.05030317223,0.9627804727845992,1.0251430420465957,1.001215602108344
5033,72804.42529382497,57840.970200653115,0.9609336536538983,1.0264480656157533,1.0012612553545852
5034,72808.2980602839,57509.21925338294,0.9591035478288398,1.0274669259554667,1.0012798304509205
5035,72812.09413829807,57179.774285687585,0.9572737196014648,1.0286009256917676,1.001324548619233
5036,72815.81504645056,56856.59245199915,0.9554878685860244,1.0297339037080728,1.001364465336403
5037,72819.46227325352,56509.76068630762,0.9535688302734112,1.0308679832509737,1.0014124048942938
5038,72823.03727774356,56166.37998296127,0.951661063313809,1.0322105432275324,1.0014205998136612
5039,72826.54149006546,55832.38615228504,0.9498051157650299,1.033528746270334,1.0014840303271373
5040,72829.97631204435,55480.82012091902,0.9478945293258682,1.034650547977115,1.0015027693962186
5041,72833.34311774647,55132.75225901932,0.9460094215504129,1.0364065573944747,1.0015469314695795
5042,72836.64325402872,54752.32686340719,0.9439820724423199,1.0378423569251007,1.0015469314695795
5043,72839.87804107765,54370.71167073647,0.9419499731238791,1.039199694306106,1.0015753032370691
5044,72843.0487729375,53996.87374366446,0.9399646956210245,1.0404583186535175,1.0016352943914095
5045,72846.15671802785,53627.750621836945,0.9380008003633412,1.0419815530909993,1.0016491973385877
5046,72849.20311965107,53230.45957087339,0.9359808573541157,1.043673360887617,1.0017459214585573
5047,72852.18919648965,52836.126639819915,0.9339907468105897,1.0452924198615037,1.001778624386187
5048,72855.11614309382,52448.702494150064,0.9320143536977371,1.0468936159515407,1.0018278833967205
5049,72857.98513035929,52070.1084394819,0.9301156916154625,1.048507085330681,1.0018874416644536
5050,72860.79730599574,51696.27651471093,0.9282404279962483,1.0501360919580587,1.0019202639670075
5051,72863.55379498593,51328.15436033569,0.9264032991364753,1.0516632608176815,1.0019682580172347
5052,72866.25570003569,50959.71501346668,0.9245663139365354,1.0531728840619106,1.0019780931742095
5053,72870.88430003499,50597.92680437746,0.9227760345471462,1.0547301422025697,1.0020683173615499
5054,72875.42124458875,50247.69867697072,0.9210287137097276,1.0561826659337228,1.0021886135204305
5055,72879.86834865631,49896.97530705061,0.9192804508368617,1.0576673760232536,1.0021951186217612
5056,72886.20758927696,49552.7267965327,0.9175759666249036,1.0593068024691303,1.002230540477839
5057,72892.42130038039,49224.83896771148,0.9159794610768216,1.0607655908320521,1.0022838694327039
5058,72898.51196769958,48910.16395310738,0.9144449245005126,1.0621537649581205,1.0023672410024131
5059,72904.48202774514,48591.65485904661,0.9128693116850622,1.0635151010395993,1.0024136834962214
5060,72910.3338687799,48282.2851589566,0.9113663189084507,1.0648509482977362,1.002505194891382
5061,72916.06983177437,47971.01863996201,0.9098264884613864,1.0663565384660563,1.0025195174937904
5062,72921.6922113432,47655.88412613154,0.9082681202698236,1.0681767070638437,1.0025937350888559
5063,72927.20325666312,47346.87035373222,0.9067431603912205,1.0698105066801722,1.0026328426182134
5064,72932.60517237277,47041.92637011299,0.9052295232224249,1.0713130763425303,1.0026767640411884
5065,72937.9001194545,46738.02660523624,0.9037308420089196,1.0729620219584677,1.002707253251518
5066,72943.09021609896,46443.12086787071,0.9022728588755576,1.0746506481109754,1.0027351683414831
5067,72948.17753855244,46148.164441324734,0.9007945444987803,1.0763544329878063,1.0027688244277464
5068,72953.16412194745,45850.17275534141,0.8992940922377678,1.0783877233497576,1.0027877232872422
5069,72960.03215913661,45562.11133489025,0.8978761796416517,1.0799672256259074,1.0029380137468074
5070,72966.76419558935,45280.89629673214,0.8964799354968659,1.0812058143887848,1.0029999167788788
5071,72973.36292438956,45003.474443033316,0.8951025178621641,1.082620629281334,1.0030674194000848
5072,72979.83098529275,44728.813005789205,0.8937269640451794,1.084353936131686,1.0031037971884114
5073,72986.17096578199,44455.88949329379,0.8923843659166689,1.0859943164540187,1.0031686220956288
5074,72992.38540210314,44185.68163763912,0.89105924301138,1.0876367276750396,1.0031908274889023
5075,72998.47678027932,43916.17236761286,0.8897667981743053,1.0892876104034341,1.0032194042282847
5076,73004.44753710547,43651.33483161671,0.8885188133742169,1.0907496566723014,1.0032325019746724
5077,73010.30006112318,43388.137470108086,0.8872861178795924,1.0925991807387505,1.0032657728366878
5078,73016.03669357617,43141.48933607716,0.8861492580505599,1.0941046086121418,1.003375509647789
5079,73021.65972934695,42893.31531283261,0.8850299655274196,1.0954520904129055,1.003397897864828
5080,73027.17141787474,42642.63555847607,0.8838725241440498,1.0969108165887844,1.0034308428728294
5081,73032.57396405542,42401.41530416287,0.8827639028028013,1.0984078718307646,1.003458839173851
5082,73037.86952912364,42170.5554503901,0.8817094208173115,1.0999564853469284,1.0035501403026963
5083,73043.06023151723,41939.00763496333,0.8806260143285122,1.101631798368682,1.0036061725794618
5084,73048.1481477248,41705.78367839653,0.8795163867890939,1.1033633497318442,1.003641822932769
5085,73053.13531311639,41464.93010945726,0.8783585894672152,1.1053559969190645,1.003682308345126
5086,73060.00392077747,41232.443242696485,0.8772513247709504,1.1069645697822692,1.0037307740012047
5087,73066.73651640562,40997.294553714426,0.8761484810750174,1.1087828661093106,1.003742256290953
5088,73073.33579330848,40752.545354174974,0.8749864967107079,1.1107126191956584,1.003762148715513
5089,73079.80439146078,40501.276246173235,0.8737968478919104,1.1126381932563196,1.0038138095116496
5090,73086.14489856058,40248.527228798375,0.8725864538867424,1.1146742477083786,1.0038552618370098
5091,73092.35985106432,39990.33292801431,0.8713383201605439,1.1167303393636823,1.0038751618717414
5092,73098.45173520167,39739.6828491286,0.8701456345446797,1.1184106925463067,1.0039077603567759
5093,73104.42298796996,39490.531776002936,0.8689619025391316,1.120370533714427,1.0039472031513372
5094,73110.27599810917,39244.85484290839,0.8677907048657373,1.122202928698443,1.0040150170617592
5095,73117.9933050773,39004.607531038644,0.8666690621855758,1.123960057314499,1.004066477879803
5096,73125.55779408569,38778.69103819249,0.8656452973906658,1.1256464091241296,1.0041275921555577
5097,73132.9724912325,38548.05729651893,0.8646123561119655,1.1274132291016432,1.004144449336856
5098,73140.24036269325,38322.70349257347,0.8636374419686506,1.1294117663035423,1.0041702239353165
5099,73147.36431590724,38100.58703991104,0.8626713280091649,1.1310771234925112,1.00422907605146
5100,73154.34720074075,37873.71552707611,0.8616641822102777,1.133140974330909,1.0042567082971126
5101,73161.19181062708,37651.09149198082,0.8606849541645865,1.1348229185758445,1.0043244835687848
5102,73167.90088368396,37435.657745791956,0.8597369714644887,1.1369921296004297,1.0043590479413993
5103,73174.47710380904,37221.372594092536,0.8587985364532419,1.1388215530391577,1.0043590479413993
5104,73180.9231017534,37007.22958320604,0.8578460142498706,1.140845321775175,1.0043631173444396
5105,73187.24145617413,36796.2123734229,0.8569297570265918,1.1426473908454704,1.0043966320838509
5106,73193.43469466575,36591.27493687143,0.8560345833935471,1.1446130832511194,1.0044873826599645
5107,73203.46569081098,36403.30205192743,0.8552436194756973,1.1463228638775902,1.004596411067517
5108,73213.29805336919,36220.184618574924,0.8544648731379745,1.1481915470083996,1.0046208543660298
5109,73222.9357156787,36039.884274111486,0.8536978962167775,1.1497582666764858,1.0046858112464054
5110,73232.38253319002,35862.372987801915,0.8529312233294893,1.151562061633451,1.0047460047357342
5111,73241.64228500804,35688.61803269941,0.8521809065274909,1.1534399209617208,1.0048004644741249
5112,73250.71867540391,35515.59695774718,0.8514554438201319,1.1552722762287144,1.004817543801482
5113,73259.61533529691,35338.327336277056,0.85071232432108,1.156996581493196,1.004817543801482
5114,73268.33582370686,35162.82159163748,0.849990549661818,1.1586604039090107,1.004863356242787
5115,73276.88362917802,34988.0671479396,0.8492716747516007,1.1602452878149898,1.0048672932210723
5116,73285.26217117449,34818.03662905462,0.8485800673470627,1.162004071123579,1.0049068230265334
5117,73293.47480144826,34645.71785662622,0.847891518522171,1.1636113484096378,1.0049582779937
5118,73301.52480537997,34472.12862422198,0.8471881687110151,1.1648886287139553,1.005008498624886
5119,73309.41540329324,34296.28654835907,0.8464552944891376,1.1664053724712666,1.0050198626618831
5120,73317.14975174288,34126.1742443953,0.8457748944546939,1.16801530828969,1.0050495282284468
5121,73324.73094477766,33955.76455042121,0.8450926902813994,1.1695385810153467,1.0050495282284468
5122,73332.16201517811,33788.045500168264,0.8444256366502798,1.17090195213838,1.005058522267337
5123,73339.44593566962,33617.020171808384,0.8437379163015971,1.1726395734164645,1.0051338172130138
5124,73346.5856201118,33452.671712387404,0.843095678114129,1.1743635442433125,1.0051492510143136
5125,73353.58392466404,33286.9734863935,0.8424373656949398,1.1760093399737874,1.0051492510143136
5126,73360.44364892812,33130.884197971674,0.8418690508994278,1.177695433544394,1.0051942454596579
5127,73367.16753706816,32960.42763878788,0.8411977115144184,1.179549739938614,1.0051942454596579
5128,73373.7582789084,32797.637314023814,0.8405718943760242,1.181465135073706,1.0052255443805191
5129,73382.198709029,32616.566295973826,0.8398001245885734,1.1831530120440148,1.0052979581232728
5130,73390.47200191954,32441.277079098465,0.8390614488617532,1.184965858855645,1.0053138918181614
5131,73398.58146722807,32267.7320335353,0.8383620299412373,1.1866172790858895,1.0053249916756613
5132,73406.53034906513,32094.91877947027,0.8377134369826308,1.1882456145413576,1.0054001001736494
5133,73414.32182730148,31927.80515977405,0.8370997945498188,1.1902863364690113,1.005487190678119
5134,73421.95901884006,31763.349387039976,0.8365010165070237,1.1923181347410994,1.0054979857954638
5135,73429.44497886303,31601.525015029627,0.8359158220553503,1.1942661879631216,1.0055123180081946
5136,73436.78270205385,31457.231233785547,0.8354251935777801,1.1959554956100182,1.005616827275419
5137,73443.97512379536,31310.39311205634,0.834910897281,1.1980275181734743,1.0056435211455732
5138,73451.02512134396,31154.070792533388,0.8343504283076404,1.1997874416305025,1.0057032556165686
5139,73457.93551498072,30995.323819473357,0.8337690925373598,1.2019168273321301,1.0057462803499797
5140,73464.70906913953,30824.226070025863,0.8331294656989767,1.2040216852163843,1.0057742244043628
5141,73471.34849351301,30658.810885249484,0.8325221604601687,1.2062250684627855,1.0057890632465496
5142,73477.85644413653,30492.05654808282,0.8319036420617012,1.2082223958837488,1.0058337185347943
5143,73484.23552445065,30324.9714083009,0.8312633393957245,1.2098023360156371,1.0058673776597846
5144,73490.48828634272,30165.518956477008,0.830676849812005,1.2115454592375274,1.0059040118070803
5145,73496.61723116762,30006.658071337934,0.8301072503027862,1.2137253410651558,1.005948056520043
5146,73502.62481074847,29857.3380905286,0.8295963467615373,1.215666723514356,1.0060129083131282
5147,73508.51342835742,29712.48895529946,0.82913256417878,1.2175410842554217,1.0060172502721882
5148,73514.28543967707,29570.076129873592,0.8286853257636413,1.2199627773159896,1.006041406560385
5149,73519.94315374288,29437.040546491768,0.8283183837925547,1.2217184051286702,1.006097030920709
5150,73525.48883386678,29303.338650506772,0.8279506457692654,1.2231994746581238,1.006126472361925
5151,73530.92469854269,29169.972096770387,0.8276035216383908,1.2250823351945939,1.0061578292551134
5152,73536.25292233392,29044.897747548788,0.8273281354975649,1.2270490716618738,1.0062307510799764
5153,73541.47563674314,28921.067919214973,0.8270629261345233,1.2289729569923826,1.0062574013518093
5154,73546.59493106506,28808.420477232732,0.826861740962714,1.2307806282841884,1.006311288635513
5155,73551.61285322218,28708.834203827435,0.8267429486668935,1.2322511670104601,1.006371931298921
5156,73556.53141058411,28608.248788863977,0.8266125932612735,1.2336599524082077,1.0063930654302609
5157,73561.35257077057,28502.694074546922,0.8264272208231429,1.2355689002729342,1.0064467638135195
5158,73566.07826243847,28400.179705645958,0.8262589237511272,1.2370937338605414,1.0064719473999861
5159,73570.71037605355,28295.700305589777,0.8260935559794617,1.2383573506450836,1.006481709038211
5160,73575.25076464655,28210.17094931525,0.8260494853919498,1.2397732231266754,1.0065582565501885
5161,73579.70124455454,28118.52745728226,0.8259679728568606,1.241323483518511,1.0065582565501885
5162,73584.06359614752,28029.78589054313,0.8258939851773415,1.2430580350772356,1.0065878119495237
5163,73588.33956454064,27947.89747372181,0.8258321147917059,1.244706048692071,1.006696953360506
5164,73592.5308602923,27859.85869288876,0.8257279283799984,1.2462471762953122,1.0067327445463725
5165,73596.6391600885,27772.69591982519,0.8256269458690272,1.2477998344873573,1.0067765269484372
5166,73600.66610741346,27686.400438035882,0.8255604051679136,1.2496196392033299,1.0068131134003022
5167,73604.61331320726,27591.0133690007,0.8254350243591418,1.2509866927006443,1.006836629018442
5168,73608.48235651008,27503.540599159896,0.8253805953892248,1.252665489115817,1.0068969232237654
5169,73612.27478509404,27411.963080760295,0.8252974177348235,1.254212011085988,1.0068969232237654
5170,73615.99211608229,27322.29180632487,0.8252192888873715,1.255976228208215,1.0069629991224427
5171,73619.6358365559,27238.487907754472,0.8251741751032242,1.257342679741832,1.0069937547213867
5172,73623.20740414885,27155.517878821593,0.8251462253011397,1.2586206431253888,1.0070137440576374
5173,73626.70824763106,27075.363472067154,0.825118185941657,1.2602944549177777,1.007043258656482
5174,73630.13976747994,27007.946920106286,0.8251795876137025,1.2616378998033693,1.0070968266478717
5175,73633.50333644073,26937.221080105228,0.8252193841512859,1.2631191373522463,1.0071077387575442
5176,73636.80030007557,26866.203954930053,0.8252545505158613,1.2644028038011856,1.0071326781627963
5177,73640.03197730181,26787.933268811343,0.825249158394337,1.2656413833170383,1.007136982179735
5178,73643.19966091958,26709.446370614216,0.8252540701931116,1.2670704235659758,1.0071500313760455
5179,73646.30461812908,26630.745411702635,0.8252433662276158,1.2683426615848978,1.0071898575544804
5180,73649.34809103742,26542.877298153355,0.8251735233575196,1.269744183125878,1.007198519314992
5181,73652.3312971555,26461.853643445356,0.8251233124502138,1.2715467484353085,1.007236353961596
5182,73655.25542988509,26377.65609475436,0.8250448885738892,1.2732835760952688,1.007305618680645
5183,73658.12165899627,26289.32120823939,0.8249402534373554,1.2752156651160738,1.0073528156654188
5184,73660.93113109535,26207.83542507283,0.8248985057253274,1.2768621690022157,1.00744258688188
5185,73663.68497008357,26118.205221838274,0.8248150025580784,1.2786202144467085,1.0074780135633987
5186,73666.38427760666,26022.501687292617,0.824689425978803,1.2804935385703053,1.0075384669050453
5187,73669.03013349565,25933.72057597627,0.8245942629835391,1.2821554707347356,1.0076473656329117
5188,73671.6235961987,25839.852709548642,0.8244574325573443,1.2840875484632304,1.0076914185842092
5189,73674.16570320465,25748.908901493432,0.8243459449549436,1.285724986686623,1.0077118669726075
5190,73676.65747145802,25660.860056702455,0.8242309382286813,1.2876767425102713,1.007813363976699
5191,73679.09989776579,25572.692294944223,0.824128141762261,1.2894550515294285,1.0078686697887989
5192,73681.49395919616,25487.391874099005,0.8240603003011376,1.2908704722760382,1.0079073053947525
5193,73683.84061346951,25400.950163908965,0.8239702489737367,1.292538143082812,1.0079310479930372
5194,73686.1407993414,25304.423296606386,0.8238389517219792,1.2943521682140136,1.007957076928758
5195,73688.3954369782,25201.891721515778,0.8236706242997767,1.2960924690060964,1.0079616071762802
5196,73690.60542832517,25098.390311351443,0.8234938716957082,1.2979391632579764,1.0079668282677863
5197,73692.77165746724,24998.903840591727,0.8233248584317817,1.2995983870199737,1.008051156941458
5198,73694.89499098275,24905.382409342055,0.8231707688325698,1.3012437963989687,1.0081268025428543
5199,73696.97627829002,24814.7815893486,0.8230341794722571,1.3031339031269196,1.0081395023775108
5200,73699.01635198723,24738.017593434684,0.8230152163555287,1.3047745705898932,1.008168463235477
5201,73701.0160281855,24656.0472691219,0.8229693679496974,1.306768732237385,1.008176829045566
5202,73702.9761068353,24575.88759480228,0.8229380494962676,1.3083150433685042,1.0082047762799586
5203,73704.89737204647,24504.48572818733,0.8229601104884149,1.3098080386006963,1.0082967528813607
5204,73706.78059240198,24433.79432790686,0.8229896220165812,1.3111535186851078,1.0083095143992336
5205,73708.62652126531,24356.841150514752,0.8229677211778205,1.3124686820206763,1.0083800876506233
5206,73710.43589708184,24278.663626629033,0.8229551833580292,1.3139566660296509,1.0084260846476854
5207,73712.20944367428,24204.24906317999,0.8229551372143835,1.3156821654449877,1.0084359556352844
5208,73713.94787053221,24132.564992899588,0.8229620335815495,1.31721545351065,1.0084406167593907
5209,73715.65187309594,24053.633997945366,0.8229018181427179,1.318955919668125,1.0084406167593907
5210,73717.32213303463,23979.468485528,0.8228768868380807,1.320555441957679,1.008482364400585
5211,73718.95931851908,23915.991187164538,0.8229078361601715,1.3221848121047073,1.0085439305750015
5212,73720.564084489,23857.125603212655,0.8229661193760122,1.3233975542991585,1.0085921143009204
5213,73722.13707291496,23797.85072158865,0.8230237098890816,1.3246357694237374,1.008621022858111
5214,73723.67891305526,23736.18056515493,0.8230602474008657,1.326154728368258,1.0086269246271127
5215,73725.19022170763,23662.188718735477,0.8230090141857581,1.327890633298969,1.0086467313618515
5216,73726.671603456,23587.938084718207,0.8229529956015961,1.329707415518003,1.0086829706113962
5217,73728.12365091231,23513.431238104095,0.8228874834777368,1.3312210678104273,1.0087192982694193
5218,73729.54694495365,23436.68067852097,0.8228065310888323,1.3330537873301338,1.008754421891662
5219,73730.94205495458,23359.698781222254,0.8227380794283826,1.3346560039597268,1.008809765015758
5220,73732.30953901488,23279.502773448898,0.8226451718697246,1.3364103438850858,1.008809765015758
5221,73733.6499441829,23196.124636399654,0.8225315398228424,1.3379121567577743,1.0088251385696974
5222,73734.96380667432,23103.62588379866,0.822363010715125,1.3396593087588171,1.0088486786823547
5223,73736.2516520867,23012.04751679569,0.8221964270918186,1.3415873969370469,1.0088636251603325
5224,73737.51399560976,22924.36545195195,0.8220587518119835,1.3436035931619397,1.0088688944918434
5225,73738.75134223134,22843.5259947186,0.8219877939123538,1.3453686929656103,1.0089360753835337
5226,73739.96418693964,22772.44613407463,0.8219736257172755,1.3474127134362714,1.0089744352655345
5227,73741.15301492104,22707.04866010374,0.8219881252718131,1.3490151117925346,1.0090281829726466
5228,73742.31830175429,22640.31185751564,0.8220010219647919,1.3507601933722475,1.0090443670184845
5229,73743.46051360074,22566.278903709517,0.8219589058196194,1.3528099745221946,1.0090869708705643
5230,73744.58010739084,22480.047272826836,0.821855335099295,1.3547860240643588,1.0090957584306535
5231,73745.67753100686,22398.65376762458,0.8217863299090479,1.3566045351688953,1.0091850716447905
5232,73746.75322346216,22323.045272424333,0.8217405906039569,1.358506017621712,1.0092388079543735
5233,73747.80761507677,22243.213976181305,0.8216866346104147,1.3602096215806398,1.0092915689464166
5234,73748.8411276495,22165.17204607005,0.8216428884560611,1.362253358710043,1.0093115944398412
5235,73749.85417462674,22075.96635406935,0.8215251915416945,1.3638625274707972,1.009339563257605
5236,73750.8471612678,21984.663206267665,0.8214236386591021,1.3659493407748116,1.0093582580916034
5237,73751.82048480706,21895.263572374457,0.8213443951348207,1.3678076654252092,1.0093959214340096
5238,73754.75473263266,21814.713686082174,0.8213264382429137,1.3701410770239404,1.0094635814518327
5239,73757.63087654092,21738.94539069827,0.8213288829602902,1.3721511026634463,1.009508819596896
5240,73760.45006710445,21670.896182830627,0.8213926951798939,1.3735825318100978,1.0095432783670282
5241,73763.21343211229,21604.51910638455,0.8214720200814386,1.3754843593614543,1.0095812287872226
5242,73765.92207702095,21538.802498360823,0.8215919148659834,1.377049647322542,1.0096440009895586
5243,73768.57708539677,21465.779587929374,0.8216727136594285,1.3785544029677843,1.0096812009849043
5244,73773.15971736911,21397.4633731241,0.8217968844771907,1.379935749894932,1.0097258904721618
5245,73777.65160415389,21338.78214553083,0.8220020900937913,1.3814672506061174,1.0097875251608894
5246,73782.0545426855,21280.684810749426,0.8222207392843474,1.3829559304065338,1.0097906005040667
5247,73786.3702943155,21221.17550914993,0.8224244780928516,1.384341732605742,1.0097906005040667
5248,73790.60058551715,21159.27326527779,0.8226078509304383,1.3855741366170313,1.0097952863865982
5249,73794.74710857622,21097.986964130745,0.8228055136237639,1.3866620999861485,1.009814735134448
5250,73800.79172028758,21038.305501801085,0.8230140298203245,1.3881997556677537,1.0098720376247174
5251,73806.71663671754,20984.19300924585,0.8232507402552662,1.3900746663948826,1.0099190063790304
5252,73812.52422806967,20938.579148457335,0.8235451896119547,1.3914383568266937,1.0099276489364215
5253,73818.21681761283,20891.429107179152,0.8238242817026283,1.3927163149269959,1.0099852212531182
5254,73823.7966826106,20848.728320043043,0.8241347719258609,1.3938211706960697,1.0101045882460882
5255,73831.24625325197,20808.44246611227,0.8244612122930879,1.3951506580632564,1.010131560491061
5256,73838.54830764302,20759.60224256886,0.8247357742185263,1.3963785940044586,1.010140226951442
5257,73845.7057668976,20706.27286702091,0.8249853545099135,1.397445365531245,1.0101480776018887
5258,73852.72149428578,20652.479107150055,0.825217696089074,1.3986988858536316,1.0101696614835154
5259,73859.59829637913,20603.200708073935,0.8255052763277084,1.3998909767556678,1.0102332179032638
5260,73866.33892417361,20552.422591575687,0.8257823413780436,1.4012128648759672,1.010256996457651
5261,73872.94607418997,20504.139779719215,0.8260592330784097,1.4027423752081252,1.0102794353689446
5262,73879.42238955254,20439.42197096579,0.8262085768500707,1.4039857945214596,1.0103136020295314
5263,73885.77046104654,20370.372996130307,0.8263234439250716,1.4052378004195194,1.0103465795151225
5264,73891.99282815454,20301.016050895178,0.826422555779021,1.406992634075476,1.0103494280848537
5265,73898.09198007228,20227.37410014,0.8264839034381173,1.4087946223897299,1.010411511722038
5266,73904.0703567045,20159.44002949184,0.8265848304588033,1.410264900431174,1.0104499065214407
5267,73909.93034964106,20091.186894870032,0.8266549319392009,1.4117454793093018,1.0104562300951894
5268,73915.67430311351,20028.58802029421,0.8267593914506658,1.413054265282002,1.0105282232854897
5269,73921.30451493304,19962.631920589793,0.8268722363644271,1.4144597610404388,1.0106011081293063
5270,73926.82323740963,19899.322150235665,0.8270154904589841,1.4157823485138492,1.0106133699963782
5271,73932.232678253,19829.677153715907,0.8271120260485004,1.4172447424037025,1.0106160237037616
5272,73937.53500145591,19766.695291489876,0.8272785354414128,1.4188503445206901,1.0106519214269303
5273,73942.73232815975,19701.35503983326,0.8274139629777317,1.420180992350988,1.0106616306789218
5274,73947.82673750313,19635.6699150588,0.8275409305959255,1.421581248203454,1.0107135504240805
5275,73952.82026745356,19572.62842336667,0.8276732029075348,1.4230695759793022,1.0107472489040994
5276,73957.7149156228,19503.24903606949,0.8277660788344321,1.4246154720015944,1.0107524539027484
5277,73962.51264006592,19431.574916307607,0.8278358408523746,1.4261611755755184,1.0107671242388414
5278,73967.21536006461,19367.57914599609,0.8279745098785191,1.4274846595938064,1.010806997856694
5279,73971.82495689501,19306.21019926976,0.8281486309712864,1.4291517135452032,1.0108739898601715
5280,73976.34327458026,19254.40711270986,0.8283768011560161,1.430445499169762,1.0110175571405593
5281,73980.77212062817,19202.12445487195,0.8286006316044283,1.4318055342167357,1.011042025163136
5282,73985.11326675434,19143.396848355813,0.8287676986956356,1.4330325599045795,1.0110645176076607
5283,73989.3684495909,19082.268521506503,0.828915782886129,1.4343877169684311,1.0111248573068021
5284,73993.53937138116,19030.70366059599,0.829125215631425,1.4358170582949048,1.0111858352716745
5285,73997.62770066074,18974.676758500504,0.8293108729799465,1.437309240602719,1.0112274743186522
5286,74001.63507292488,18922.192412644778,0.8295312519429682,1.4390416678559823,1.0113036098107475
5287,74005.56309128282,18875.205423464235,0.8297935425978694,1.4405104885741995,1.0113135271980946
5288,74009.413327099,18827.690941638717,0.8300621658064512,1.4417847894823552,1.011322633057281
5289,74013.1873206218,18778.659190975646,0.8303157452884522,1.4430715299627415,1.011322633057281
5290,74016.88658159958,18724.14516917489,0.8305354996830911,1.4449319850796465,1.0113552820590583
5291,74020.51258988475,18674.153674954247,0.8307848125792776,1.4465434427353996,1.0113998556864472
5292,74024.06679602564,18619.684484158683,0.8309869998792851,1.4480462550522517,1.0113998556864472
5293,74027.55062184691,18568.742349987948,0.8312407679759158,1.44974137455425,1.0114344940709061
5294,74030.96546101826,18528.257351480606,0.8315621979652092,1.4508135718520068,1.0114835569313425
5295,74034.31267961196,18493.150313157414,0.8319546174031643,1.4518951413880163,1.0115521892540702
5296,74037.59361664935,18459.387623474257,0.8323726655019431,1.4529101418127994,1.0115616671602181
5297,74040.80958463649,18424.965856076502,0.8327867303517573,1.453852299935578,1.0115674958799983
5298,74043.96187008923,18391.881618702606,0.8332036304389393,1.4553437521115744,1.0115887783760755
5299,74047.05173404787,18360.12160259611,0.8336319217757483,1.4567706906493987,1.0116245706990368
5300,74050.08041258156,18327.68258167476,0.8340228974744437,1.4578545461176924,1.0116582184812288
5301,74053.0491172829,18288.601162951625,0.8343571545039602,1.4583531453077279,1.0116763140014362
5302,74055.95903575254,18250.903638942153,0.8346847417245415,1.4593356149973071,1.0116950668330007
5303,74058.81133207427,18206.61604054472,0.834976190602111,1.4604302523532642,1.01172994977972
5304,74061.60714728072,18158.789015265666,0.8352464958154205,1.4616289197222563,1.0117438220086965
5305,74064.34759980981,18118.403054914765,0.8355619739514583,1.4630110741498914,1.0117903178179843
5306,74067.0337859522,18073.443820537505,0.835857606579232,1.46413959560781,1.0118068266466735
5307,74069.66678028977,18036.892140731165,0.8362103024309187,1.4653430952922637,1.0118397580507414
5308,74072.24763612563,18002.694208982593,0.8365959934100295,1.4667004949227656,1.0118660572434837
5309,74074.77738590531,17963.861430783763,0.8369443699013216,1.4678636406544576,1.0118894541689296
5310,74077.25704162997,17928.40012301477,0.8373064856639321,1.4687020676060794,1.0119058341412508
5311,74079.68759526107,17887.321514825566,0.8376260850351139,1.4696326130380513,1.0119479956786965
5312,74082.07001911728,17845.656624130785,0.8379283837719321,1.4708252169669418,1.0120073139029468
5313,74084.40526626346,17806.39635921406,0.8382484550526241,1.4722084438338803,1.0120157069013076
5314,74086.69427089192,17772.501868077605,0.8386113649982503,1.473506215125055,1.0121272207451444
5315,74088.93794869604,17732.974486305688,0.8389288534688826,1.4749355020904085,1.0121514729526127
5316,74091.1371972367,17689.860312312594,0.839204074172266,1.47592295448143,1.0121778396839347
5317,74093.29289630133,17640.209960946304,0.8394171011053729,1.4774148065301755,1.0121981676537293
5318,74095.40590825577,17587.07354342445,0.8396180482874436,1.4785853346909643,1.0122113590538362
5319,74097.47707838932,17536.455896226194,0.8398490358814101,1.4800384272439613,1.012234418064925
5320,74099.5072352529,17486.341907209022,0.8400875560291889,1.4817756999255571,1.0122376753845927
5321,74101.49719099046,17436.726564848734,0.840315113315687,1.483254955368227,1.0122420970159887
5322,74103.44774166391,17385.614857735814,0.8405426283234906,1.484548326508249,1.0122907942309494
5323,74107.33986559136,17337.001774574266,0.8407927552596722,1.4861004968597935,1.012320488452695
5324,74111.15491775787,17288.872403682977,0.8410400489231665,1.487589156407036,1.0123682532565539
5325,74114.89442433692,17233.261732999563,0.8412309553628717,1.4891421054112963,1.0123946298391182
5326,74118.55988128074,17175.219327696086,0.8413733780562235,1.4909249015231771,1.0124331651789624
5327,74122.15275491874,17112.77933438568,0.8414926441686343,1.4925224397997914,1.0124720772151588
5328,74125.67448254411,17049.96560966542,0.8416351917342956,1.4943064780863407,1.012530934543104
5329,74129.12647298879,16988.771922007058,0.8417750123889406,1.4959748139282343,1.0125954624164724
5330,74132.51010718703,16925.20205213634,0.8419033353057231,1.4978761545842487,1.0126284618287187
5331,74135.82673872789,16854.304519279263,0.8419914361201357,1.499714805155116,1.0126356706837936
5332,74139.07769439665,16785.107459385938,0.8420960140493708,1.5016286212580434,1.0126587444165804
5333,74142.26427470561,16716.59892745175,0.8422212756614479,1.5035403383887154,1.0126741464950029
5334,74145.3877544144,16654.742221705957,0.8423786772547784,1.5056516598045835,1.0127025112637886
5335,74148.44938303986,16593.501005569582,0.8425350325587156,1.507315754642255,1.0127166666768366
5336,74151.4503853559,16535.854229394758,0.842710112529232,1.508841527383751,1.0127694198491561
5337,74154.39196188352,16474.800953480382,0.8428447439208085,1.5105387772566257,1.012774956758864
5338,74157.27528937097,16420.325322102468,0.8430536900796162,1.5120810509086582,1.0128283184186215
5339,74160.10152126462,16366.391736807915,0.8432562611675174,1.5135531773688466,1.0128392087807454
5340,74162.87178817026,16317.969928481467,0.8435112614347963,1.5149717010041561,1.012938750500085
5341,74165.58719830551,16266.049829690604,0.8437348088544363,1.5162893788254133,1.0129709919244603
5342,74168.24883794301,16217.631423425024,0.8439694519518076,1.5179258934155881,1.0130090999572021
5343,74170.85777184514,16174.669916724279,0.8442575980211797,1.51944352561995,1.013081314192477
5344,74173.41504368978,16138.106036955875,0.8445832268753929,1.5204275560234493,1.013131704975751
5345,74175.92167648801,16088.970653503577,0.8448106368483718,1.5220760700172515,1.013131704975751
5346,74178.3786729932,16046.294328593094,0.8450883911057533,1.5237309285049625,1.0131459308961954
5347,74180.78701610224,16009.017768109581,0.845431885583697,1.5255880011389842,1.0131760243010148
5348,74183.14766924873,15971.117093800032,0.8457695907757151,1.526610648427841,1.013179411465976
5349,74185.46157678837,15935.583590379136,0.8460910286645892,1.5276972040552117,1.0132798464810269
